sceneid,videoid,sceneurl
1000,DREAM,https://dg5o30pqy3gms.cloudfront.net/VideoScenes-V2/DREAM_Scene_98.mp4
1001,DREAM,https://dg5o30pqy3gms.cloudfront.net/VideoScenes-V2/DREAM_Scene_175.mp4
1002,PenniesFromHeaven,https://dg5o30pqy3gms.cloudfront.net/VideoScenes-V2/PenniesFromHeaven_Scene_47.mp4
1003,PenniesFromHeaven,https://dg5o30pqy3gms.cloudfront.net/VideoScenes-V2/PenniesFromHeaven_Scene_90.mp4
1004,PenniesFromHeaven,https://dg5o30pqy3gms.cloudfront.net/VideoScenes-V2/PenniesFromHeaven_Scene_46.mp4
1005,WorkFromHome,https://dg5o30pqy3gms.cloudfront.net/VideoScenes-V2/WorkFromHome_Scene_34.mp4
1006,WorkFromHome,https://dg5o30pqy3gms.cloudfront.net/VideoScenes-V2/WorkFromHome_Scene_20.mp4
1007,DREAM,https://dg5o30pqy3gms.cloudfront.net/VideoScenes-V2/DREAM_Scene_72.mp4
1008,PenniesFromHeaven,https://dg5o30pqy3gms.cloudfront.net/VideoScenes-V2/PenniesFromHeaven_Scene_9.mp4
1009,DREAM,https://dg5o30pqy3gms.cloudfront.net/VideoScenes-V2/DREAM_Scene_70.mp4
1010,PenniesFromHeaven,https://dg5o30pqy3gms.cloudfront.net/VideoScenes-V2/PenniesFromHeaven_Scene_93.mp4
1011,MonkeyBusiness,https://dg5o30pqy3gms.cloudfront.net/VideoScenes-V2/MonkeyBusiness_Scene_38.mp4
1012,MegaphoneGuy,https://dg5o30pqy3gms.cloudfront.net/VideoScenes-V2/MegaphoneGuy_Scene_16.mp4
1013,MegaphoneGuy,https://dg5o30pqy3gms.cloudfront.net/VideoScenes-V2/MegaphoneGuy_Scene_17.mp4
1014,PenniesFromHeaven,https://dg5o30pqy3gms.cloudfront.net/VideoScenes-V2/PenniesFromHeaven_Scene_92.mp4
1015,HowToBeatTheAlgorithm,https://dg5o30pqy3gms.cloudfront.net/VideoScenes-V2/HowToBeatTheAlgorithm_Scene_38.mp4
1016,HowToBeatTheAlgorithm,https://dg5o30pqy3gms.cloudfront.net/VideoScenes-V2/HowToBeatTheAlgorithm_Scene_10.mp4
1017,DREAM,https://dg5o30pqy3gms.cloudfront.net/VideoScenes-V2/DREAM_Scene_75.mp4
1018,SubaruCrosstrekXV,https://dg5o30pqy3gms.cloudfront.net/VideoScenes-V2/SubaruCrosstrekXV_Scene_11.mp4
1019,DREAM,https://dg5o30pqy3gms.cloudfront.net/VideoScenes-V2/DREAM_Scene_167.mp4
1020,PenniesFromHeaven,https://dg5o30pqy3gms.cloudfront.net/VideoScenes-V2/PenniesFromHeaven_Scene_69.mp4
1021,PenniesFromHeaven,https://dg5o30pqy3gms.cloudfront.net/VideoScenes-V2/PenniesFromHeaven_Scene_96.mp4
1022,WorkFromHome,https://dg5o30pqy3gms.cloudfront.net/VideoScenes-V2/WorkFromHome_Scene_1.mp4
1023,DREAM,https://dg5o30pqy3gms.cloudfront.net/VideoScenes-V2/DREAM_Scene_239.mp4
1024,DREAM,https://dg5o30pqy3gms.cloudfront.net/VideoScenes-V2/DREAM_Scene_210.mp4
1025,DREAM,https://dg5o30pqy3gms.cloudfront.net/VideoScenes-V2/DREAM_Scene_238.mp4
1026,MonkeyBusiness,https://dg5o30pqy3gms.cloudfront.net/VideoScenes-V2/MonkeyBusiness_Scene_14.mp4
1027,MonkeyBusiness,https://dg5o30pqy3gms.cloudfront.net/VideoScenes-V2/MonkeyBusiness_Scene_28.mp4
1028,PenniesFromHeaven,https://dg5o30pqy3gms.cloudfront.net/VideoScenes-V2/PenniesFromHeaven_Scene_97.mp4
1029,PenniesFromHeaven,https://dg5o30pqy3gms.cloudfront.net/VideoScenes-V2/PenniesFromHeaven_Scene_54.mp4
1030,SubaruCrosstrekXV,https://dg5o30pqy3gms.cloudfront.net/VideoScenes-V2/SubaruCrosstrekXV_Scene_10.mp4
1031,DREAM,https://dg5o30pqy3gms.cloudfront.net/VideoScenes-V2/DREAM_Scene_48.mp4
1032,DREAM,https://dg5o30pqy3gms.cloudfront.net/VideoScenes-V2/DREAM_Scene_74.mp4
1033,DREAM,https://dg5o30pqy3gms.cloudfront.net/VideoScenes-V2/DREAM_Scene_164.mp4
1034,HowToBeatTheAlgorithm,https://dg5o30pqy3gms.cloudfront.net/VideoScenes-V2/HowToBeatTheAlgorithm_Scene_17.mp4
1035,PenniesFromHeaven,https://dg5o30pqy3gms.cloudfront.net/VideoScenes-V2/PenniesFromHeaven_Scene_42.mp4
1036,PenniesFromHeaven,https://dg5o30pqy3gms.cloudfront.net/VideoScenes-V2/PenniesFromHeaven_Scene_81.mp4
1037,WorkFromHome,https://dg5o30pqy3gms.cloudfront.net/VideoScenes-V2/WorkFromHome_Scene_2.mp4
1038,WorkFromHome,https://dg5o30pqy3gms.cloudfront.net/VideoScenes-V2/WorkFromHome_Scene_108.mp4
1039,VUJADE,https://dg5o30pqy3gms.cloudfront.net/VideoScenes-V2/VUJADE_Scene_107.mp4
1040,WorkFromHome,https://dg5o30pqy3gms.cloudfront.net/VideoScenes-V2/WorkFromHome_Scene_3.mp4
1041,WorkFromHome,https://dg5o30pqy3gms.cloudfront.net/VideoScenes-V2/WorkFromHome_Scene_25.mp4
1042,DREAM,https://dg5o30pqy3gms.cloudfront.net/VideoScenes-V2/DREAM_Scene_77.mp4
1043,DREAM,https://dg5o30pqy3gms.cloudfront.net/VideoScenes-V2/DREAM_Scene_314.mp4
1044,DREAM,https://dg5o30pqy3gms.cloudfront.net/VideoScenes-V2/DREAM_Scene_10.mp4
1045,PenniesFromHeaven,https://dg5o30pqy3gms.cloudfront.net/VideoScenes-V2/PenniesFromHeaven_Scene_24.mp4
1046,SubaruCrosstrekXV,https://dg5o30pqy3gms.cloudfront.net/VideoScenes-V2/SubaruCrosstrekXV_Scene_7.mp4
1047,DREAM,https://dg5o30pqy3gms.cloudfront.net/VideoScenes-V2/DREAM_Scene_249.mp4
1048,VUJADE,https://dg5o30pqy3gms.cloudfront.net/VideoScenes-V2/VUJADE_Scene_79.mp4
1049,DREAM,https://dg5o30pqy3gms.cloudfront.net/VideoScenes-V2/DREAM_Scene_275.mp4
1050,MonkeyBusiness,https://dg5o30pqy3gms.cloudfront.net/VideoScenes-V2/MonkeyBusiness_Scene_59.mp4
1051,SubaruCrosstrekXV,https://dg5o30pqy3gms.cloudfront.net/VideoScenes-V2/SubaruCrosstrekXV_Scene_6.mp4
1052,WorkFromHome,https://dg5o30pqy3gms.cloudfront.net/VideoScenes-V2/WorkFromHome_Scene_80.mp4
1053,DREAM,https://dg5o30pqy3gms.cloudfront.net/VideoScenes-V2/DREAM_Scene_39.mp4
1054,DREAM,https://dg5o30pqy3gms.cloudfront.net/VideoScenes-V2/DREAM_Scene_315.mp4
1055,WorkFromHome,https://dg5o30pqy3gms.cloudfront.net/VideoScenes-V2/WorkFromHome_Scene_69.mp4
1056,SubaruCrosstrekXV,https://dg5o30pqy3gms.cloudfront.net/VideoScenes-V2/SubaruCrosstrekXV_Scene_4.mp4
1057,DREAM,https://dg5o30pqy3gms.cloudfront.net/VideoScenes-V2/DREAM_Scene_288.mp4
1058,MegaphoneGuy,https://dg5o30pqy3gms.cloudfront.net/VideoScenes-V2/MegaphoneGuy_Scene_49.mp4
1059,SubaruCrosstrekXV,https://dg5o30pqy3gms.cloudfront.net/VideoScenes-V2/SubaruCrosstrekXV_Scene_5.mp4
1060,PenniesFromHeaven,https://dg5o30pqy3gms.cloudfront.net/VideoScenes-V2/PenniesFromHeaven_Scene_26.mp4
1061,DREAM,https://dg5o30pqy3gms.cloudfront.net/VideoScenes-V2/DREAM_Scene_100.mp4
1062,WorkFromHome,https://dg5o30pqy3gms.cloudfront.net/VideoScenes-V2/WorkFromHome_Scene_87.mp4
1063,DREAM,https://dg5o30pqy3gms.cloudfront.net/VideoScenes-V2/DREAM_Scene_138.mp4
1064,DREAM,https://dg5o30pqy3gms.cloudfront.net/VideoScenes-V2/DREAM_Scene_110.mp4
1065,HowToBeatTheAlgorithm,https://dg5o30pqy3gms.cloudfront.net/VideoScenes-V2/HowToBeatTheAlgorithm_Scene_63.mp4
1066,SubaruCrosstrekXV,https://dg5o30pqy3gms.cloudfront.net/VideoScenes-V2/SubaruCrosstrekXV_Scene_1.mp4
1067,DREAM,https://dg5o30pqy3gms.cloudfront.net/VideoScenes-V2/DREAM_Scene_267.mp4
1068,VUJADE,https://dg5o30pqy3gms.cloudfront.net/VideoScenes-V2/VUJADE_Scene_167.mp4
1069,WorkFromHome,https://dg5o30pqy3gms.cloudfront.net/VideoScenes-V2/WorkFromHome_Scene_51.mp4
1070,MegaphoneGuy,https://dg5o30pqy3gms.cloudfront.net/VideoScenes-V2/MegaphoneGuy_Scene_0.mp4
1071,WorkFromHome,https://dg5o30pqy3gms.cloudfront.net/VideoScenes-V2/WorkFromHome_Scene_53.mp4
1072,DREAM,https://dg5o30pqy3gms.cloudfront.net/VideoScenes-V2/DREAM_Scene_107.mp4
1073,HowToBeatTheAlgorithm,https://dg5o30pqy3gms.cloudfront.net/VideoScenes-V2/HowToBeatTheAlgorithm_Scene_48.mp4
1074,SubaruCrosstrekXV,https://dg5o30pqy3gms.cloudfront.net/VideoScenes-V2/SubaruCrosstrekXV_Scene_2.mp4
1075,DREAM,https://dg5o30pqy3gms.cloudfront.net/VideoScenes-V2/DREAM_Scene_259.mp4
1076,VUJADE,https://dg5o30pqy3gms.cloudfront.net/VideoScenes-V2/VUJADE_Scene_54.mp4
1077,DREAM,https://dg5o30pqy3gms.cloudfront.net/VideoScenes-V2/DREAM_Scene_270.mp4
1078,DREAM,https://dg5o30pqy3gms.cloudfront.net/VideoScenes-V2/DREAM_Scene_258.mp4
1079,MonkeyBusiness,https://dg5o30pqy3gms.cloudfront.net/VideoScenes-V2/MonkeyBusiness_Scene_60.mp4
1080,VUJADE,https://dg5o30pqy3gms.cloudfront.net/VideoScenes-V2/VUJADE_Scene_164.mp4
1081,VUJADE,https://dg5o30pqy3gms.cloudfront.net/VideoScenes-V2/VUJADE_Scene_158.mp4
1082,SubaruCrosstrekXV,https://dg5o30pqy3gms.cloudfront.net/VideoScenes-V2/SubaruCrosstrekXV_Scene_3.mp4
1083,HowToBeatTheAlgorithm,https://dg5o30pqy3gms.cloudfront.net/VideoScenes-V2/HowToBeatTheAlgorithm_Scene_61.mp4
1084,DREAM,https://dg5o30pqy3gms.cloudfront.net/VideoScenes-V2/DREAM_Scene_112.mp4
1085,DREAM,https://dg5o30pqy3gms.cloudfront.net/VideoScenes-V2/DREAM_Scene_137.mp4
1086,DREAM,https://dg5o30pqy3gms.cloudfront.net/VideoScenes-V2/DREAM_Scene_123.mp4
1087,HowToBeatTheAlgorithm,https://dg5o30pqy3gms.cloudfront.net/VideoScenes-V2/HowToBeatTheAlgorithm_Scene_44.mp4
1088,PenniesFromHeaven,https://dg5o30pqy3gms.cloudfront.net/VideoScenes-V2/PenniesFromHeaven_Scene_39.mp4
1089,MonkeyBusiness,https://dg5o30pqy3gms.cloudfront.net/VideoScenes-V2/MonkeyBusiness_Scene_45.mp4
1090,MonkeyBusiness,https://dg5o30pqy3gms.cloudfront.net/VideoScenes-V2/MonkeyBusiness_Scene_79.mp4
1091,DREAM,https://dg5o30pqy3gms.cloudfront.net/VideoScenes-V2/DREAM_Scene_255.mp4
1092,MonkeyBusiness,https://dg5o30pqy3gms.cloudfront.net/VideoScenes-V2/MonkeyBusiness_Scene_3.mp4
1093,VUJADE,https://dg5o30pqy3gms.cloudfront.net/VideoScenes-V2/VUJADE_Scene_59.mp4
1094,VUJADE,https://dg5o30pqy3gms.cloudfront.net/VideoScenes-V2/VUJADE_Scene_58.mp4
1095,DREAM,https://dg5o30pqy3gms.cloudfront.net/VideoScenes-V2/DREAM_Scene_283.mp4
1096,PenniesFromHeaven,https://dg5o30pqy3gms.cloudfront.net/VideoScenes-V2/PenniesFromHeaven_Scene_38.mp4
1097,HowToBeatTheAlgorithm,https://dg5o30pqy3gms.cloudfront.net/VideoScenes-V2/HowToBeatTheAlgorithm_Scene_51.mp4
1098,DREAM,https://dg5o30pqy3gms.cloudfront.net/VideoScenes-V2/DREAM_Scene_122.mp4
1099,DREAM,https://dg5o30pqy3gms.cloudfront.net/VideoScenes-V2/DREAM_Scene_30.mp4
1100,DREAM,https://dg5o30pqy3gms.cloudfront.net/VideoScenes-V2/DREAM_Scene_320.mp4
1101,VUJADE,https://dg5o30pqy3gms.cloudfront.net/VideoScenes-V2/VUJADE_Scene_0.mp4
1102,DREAM,https://dg5o30pqy3gms.cloudfront.net/VideoScenes-V2/DREAM_Scene_120.mp4
1103,HowToBeatTheAlgorithm,https://dg5o30pqy3gms.cloudfront.net/VideoScenes-V2/HowToBeatTheAlgorithm_Scene_53.mp4
1104,MonkeyBusiness,https://dg5o30pqy3gms.cloudfront.net/VideoScenes-V2/MonkeyBusiness_Scene_46.mp4
1105,DREAM,https://dg5o30pqy3gms.cloudfront.net/VideoScenes-V2/DREAM_Scene_257.mp4
1106,VUJADE,https://dg5o30pqy3gms.cloudfront.net/VideoScenes-V2/VUJADE_Scene_157.mp4
1107,DREAM,https://dg5o30pqy3gms.cloudfront.net/VideoScenes-V2/DREAM_Scene_135.mp4
1108,DREAM,https://dg5o30pqy3gms.cloudfront.net/VideoScenes-V2/DREAM_Scene_121.mp4
1109,MegaphoneGuy,https://dg5o30pqy3gms.cloudfront.net/VideoScenes-V2/MegaphoneGuy_Scene_8.mp4
1110,DREAM,https://dg5o30pqy3gms.cloudfront.net/VideoScenes-V2/DREAM_Scene_131.mp4
1111,DREAM,https://dg5o30pqy3gms.cloudfront.net/VideoScenes-V2/DREAM_Scene_253.mp4
1112,DREAM,https://dg5o30pqy3gms.cloudfront.net/VideoScenes-V2/DREAM_Scene_246.mp4
1113,DREAM,https://dg5o30pqy3gms.cloudfront.net/VideoScenes-V2/DREAM_Scene_252.mp4
1114,MegaphoneGuy,https://dg5o30pqy3gms.cloudfront.net/VideoScenes-V2/MegaphoneGuy_Scene_50.mp4
1115,DREAM,https://dg5o30pqy3gms.cloudfront.net/VideoScenes-V2/DREAM_Scene_291.mp4
1116,SubaruCrosstrekXV,https://dg5o30pqy3gms.cloudfront.net/VideoScenes-V2/SubaruCrosstrekXV_Scene_9.mp4
1117,HowToBeatTheAlgorithm,https://dg5o30pqy3gms.cloudfront.net/VideoScenes-V2/HowToBeatTheAlgorithm_Scene_57.mp4
1118,WorkFromHome,https://dg5o30pqy3gms.cloudfront.net/VideoScenes-V2/WorkFromHome_Scene_64.mp4
1119,MegaphoneGuy,https://dg5o30pqy3gms.cloudfront.net/VideoScenes-V2/MegaphoneGuy_Scene_9.mp4
1120,DREAM,https://dg5o30pqy3gms.cloudfront.net/VideoScenes-V2/DREAM_Scene_20.mp4
1121,DREAM,https://dg5o30pqy3gms.cloudfront.net/VideoScenes-V2/DREAM_Scene_34.mp4
1122,DREAM,https://dg5o30pqy3gms.cloudfront.net/VideoScenes-V2/DREAM_Scene_324.mp4
1123,WorkFromHome,https://dg5o30pqy3gms.cloudfront.net/VideoScenes-V2/WorkFromHome_Scene_72.mp4
1124,DREAM,https://dg5o30pqy3gms.cloudfront.net/VideoScenes-V2/DREAM_Scene_132.mp4
1125,PenniesFromHeaven,https://dg5o30pqy3gms.cloudfront.net/VideoScenes-V2/PenniesFromHeaven_Scene_28.mp4
1126,HowToBeatTheAlgorithm,https://dg5o30pqy3gms.cloudfront.net/VideoScenes-V2/HowToBeatTheAlgorithm_Scene_55.mp4
1127,DREAM,https://dg5o30pqy3gms.cloudfront.net/VideoScenes-V2/DREAM_Scene_287.mp4
1128,DREAM,https://dg5o30pqy3gms.cloudfront.net/VideoScenes-V2/DREAM_Scene_292.mp4
1129,DREAM,https://dg5o30pqy3gms.cloudfront.net/VideoScenes-V2/DREAM_Scene_286.mp4
1130,HowToBeatTheAlgorithm,https://dg5o30pqy3gms.cloudfront.net/VideoScenes-V2/HowToBeatTheAlgorithm_Scene_40.mp4
1131,HowToBeatTheAlgorithm,https://dg5o30pqy3gms.cloudfront.net/VideoScenes-V2/HowToBeatTheAlgorithm_Scene_54.mp4
1132,PenniesFromHeaven,https://dg5o30pqy3gms.cloudfront.net/VideoScenes-V2/PenniesFromHeaven_Scene_29.mp4
1133,DREAM,https://dg5o30pqy3gms.cloudfront.net/VideoScenes-V2/DREAM_Scene_127.mp4
1134,DREAM,https://dg5o30pqy3gms.cloudfront.net/VideoScenes-V2/DREAM_Scene_21.mp4
1135,DREAM,https://dg5o30pqy3gms.cloudfront.net/VideoScenes-V2/DREAM_Scene_46.mp4
1136,DREAM,https://dg5o30pqy3gms.cloudfront.net/VideoScenes-V2/DREAM_Scene_52.mp4
1137,PenniesFromHeaven,https://dg5o30pqy3gms.cloudfront.net/VideoScenes-V2/PenniesFromHeaven_Scene_72.mp4
1138,PenniesFromHeaven,https://dg5o30pqy3gms.cloudfront.net/VideoScenes-V2/PenniesFromHeaven_Scene_66.mp4
1139,MonkeyBusiness,https://dg5o30pqy3gms.cloudfront.net/VideoScenes-V2/MonkeyBusiness_Scene_32.mp4
1140,WorkFromHome,https://dg5o30pqy3gms.cloudfront.net/VideoScenes-V2/WorkFromHome_Scene_110.mp4
1141,WorkFromHome,https://dg5o30pqy3gms.cloudfront.net/VideoScenes-V2/WorkFromHome_Scene_111.mp4
1142,HowToBeatTheAlgorithm,https://dg5o30pqy3gms.cloudfront.net/VideoScenes-V2/HowToBeatTheAlgorithm_Scene_26.mp4
1143,HowToBeatTheAlgorithm,https://dg5o30pqy3gms.cloudfront.net/VideoScenes-V2/HowToBeatTheAlgorithm_Scene_32.mp4
1144,PenniesFromHeaven,https://dg5o30pqy3gms.cloudfront.net/VideoScenes-V2/PenniesFromHeaven_Scene_73.mp4
1145,WorkFromHome,https://dg5o30pqy3gms.cloudfront.net/VideoScenes-V2/WorkFromHome_Scene_15.mp4
1146,DREAM,https://dg5o30pqy3gms.cloudfront.net/VideoScenes-V2/DREAM_Scene_53.mp4
1147,DREAM,https://dg5o30pqy3gms.cloudfront.net/VideoScenes-V2/DREAM_Scene_51.mp4
1148,WorkFromHome,https://dg5o30pqy3gms.cloudfront.net/VideoScenes-V2/WorkFromHome_Scene_17.mp4
1149,HowToBeatTheAlgorithm,https://dg5o30pqy3gms.cloudfront.net/VideoScenes-V2/HowToBeatTheAlgorithm_Scene_30.mp4
1150,MegaphoneGuy,https://dg5o30pqy3gms.cloudfront.net/VideoScenes-V2/MegaphoneGuy_Scene_22.mp4
1151,MegaphoneGuy,https://dg5o30pqy3gms.cloudfront.net/VideoScenes-V2/MegaphoneGuy_Scene_36.mp4
1152,HowToBeatTheAlgorithm,https://dg5o30pqy3gms.cloudfront.net/VideoScenes-V2/HowToBeatTheAlgorithm_Scene_31.mp4
1153,HowToBeatTheAlgorithm,https://dg5o30pqy3gms.cloudfront.net/VideoScenes-V2/HowToBeatTheAlgorithm_Scene_25.mp4
1154,DREAM,https://dg5o30pqy3gms.cloudfront.net/VideoScenes-V2/DREAM_Scene_50.mp4
1155,PenniesFromHeaven,https://dg5o30pqy3gms.cloudfront.net/VideoScenes-V2/PenniesFromHeaven_Scene_48.mp4
1156,HowToBeatTheAlgorithm,https://dg5o30pqy3gms.cloudfront.net/VideoScenes-V2/HowToBeatTheAlgorithm_Scene_35.mp4
1157,WorkFromHome,https://dg5o30pqy3gms.cloudfront.net/VideoScenes-V2/WorkFromHome_Scene_8.mp4
1158,MonkeyBusiness,https://dg5o30pqy3gms.cloudfront.net/VideoScenes-V2/MonkeyBusiness_Scene_20.mp4
1159,VUJADE,https://dg5o30pqy3gms.cloudfront.net/VideoScenes-V2/VUJADE_Scene_124.mp4
1160,VUJADE,https://dg5o30pqy3gms.cloudfront.net/VideoScenes-V2/VUJADE_Scene_14.mp4
1161,DREAM,https://dg5o30pqy3gms.cloudfront.net/VideoScenes-V2/DREAM_Scene_231.mp4
1162,PenniesFromHeaven,https://dg5o30pqy3gms.cloudfront.net/VideoScenes-V2/PenniesFromHeaven_Scene_49.mp4
1163,DREAM,https://dg5o30pqy3gms.cloudfront.net/VideoScenes-V2/DREAM_Scene_190.mp4
1164,DREAM,https://dg5o30pqy3gms.cloudfront.net/VideoScenes-V2/DREAM_Scene_69.mp4
1165,DREAM,https://dg5o30pqy3gms.cloudfront.net/VideoScenes-V2/DREAM_Scene_55.mp4
1166,DREAM,https://dg5o30pqy3gms.cloudfront.net/VideoScenes-V2/DREAM_Scene_96.mp4
1167,PenniesFromHeaven,https://dg5o30pqy3gms.cloudfront.net/VideoScenes-V2/PenniesFromHeaven_Scene_4.mp4
1168,WorkFromHome,https://dg5o30pqy3gms.cloudfront.net/VideoScenes-V2/WorkFromHome_Scene_11.mp4
1169,DREAM,https://dg5o30pqy3gms.cloudfront.net/VideoScenes-V2/DREAM_Scene_145.mp4
1170,HowToBeatTheAlgorithm,https://dg5o30pqy3gms.cloudfront.net/VideoScenes-V2/HowToBeatTheAlgorithm_Scene_36.mp4
1171,HowToBeatTheAlgorithm,https://dg5o30pqy3gms.cloudfront.net/VideoScenes-V2/HowToBeatTheAlgorithm_Scene_22.mp4
1172,MonkeyBusiness,https://dg5o30pqy3gms.cloudfront.net/VideoScenes-V2/MonkeyBusiness_Scene_37.mp4
1173,MegaphoneGuy,https://dg5o30pqy3gms.cloudfront.net/VideoScenes-V2/MegaphoneGuy_Scene_30.mp4
1174,MonkeyBusiness,https://dg5o30pqy3gms.cloudfront.net/VideoScenes-V2/MonkeyBusiness_Scene_36.mp4
1175,PenniesFromHeaven,https://dg5o30pqy3gms.cloudfront.net/VideoScenes-V2/PenniesFromHeaven_Scene_62.mp4
1176,DREAM,https://dg5o30pqy3gms.cloudfront.net/VideoScenes-V2/DREAM_Scene_178.mp4
1177,PenniesFromHeaven,https://dg5o30pqy3gms.cloudfront.net/VideoScenes-V2/PenniesFromHeaven_Scene_7.mp4
